{"count":1,"self":55.356428799999996,"total":56.697256499999995,"children":{"InitializeActuators":{"count":12,"self":0.0029863999999999997,"total":0.0029863999999999997,"children":null},"InitializeSensors":{"count":12,"self":0.0010241999999999999,"total":0.0010241999999999999,"children":null},"AgentSendState":{"count":2591,"self":0.09974849999999999,"total":0.1898754,"children":{"CollectObservations":{"count":6228,"self":0.034969799999999995,"total":0.034969799999999995,"children":null},"WriteActionMask":{"count":6228,"self":0.0189771,"total":0.0189771,"children":null},"RequestDecision":{"count":6228,"self":0.03618,"total":0.03618,"children":null}}},"DecideAction":{"count":2591,"self":1.0254684,"total":1.0254684,"children":null},"AgentAct":{"count":2591,"self":0.1204731,"total":0.1204731,"children":null}},"gauges":{"3DBall.CumulativeReward":{"count":1,"max":1.49999976,"min":1.49999976,"runningAverage":1.49999976,"value":1.49999976,"weightedAverage":1.49999976}},"metadata":{"timer_format_version":"0.1.0","start_time_seconds":"1614968611","unity_version":"2019.4.20f1","command_line_arguments":"C:\\Program Files\\Unity\\2019.4.20f1\\Editor\\Unity.exe -projectpath E:\/Github\/AIForGamesEngines\/AIForGamesEnginesProject -useHub -hubIPC -cloudEnvironment production -hubSessionId ee6af410-7dc8-11eb-9287-9da882baeb8e -accessToken ggrtF16n6xOVJHT1HjdyGnrbg6ym8snbTz5dEaMo8fY005f","communication_protocol_version":"1.4.0","com.unity.ml-agents_version":"1.8.0-preview","scene_name":"3DBall","end_time_seconds":"1614968668"}}