{"count":1,"self":33.354761599999996,"total":34.172261899999995,"children":{"InitializeActuators":{"count":18,"self":0.0010234,"total":0.0010234,"children":null},"InitializeSensors":{"count":18,"self":0.00097149999999999992,"total":0.00097149999999999992,"children":null},"AgentSendState":{"count":1476,"self":0.0179285,"total":0.0378745,"children":{"CollectObservations":{"count":414,"self":0.0029920999999999997,"total":0.0029920999999999997,"children":null},"WriteActionMask":{"count":414,"self":0.00099739999999999985,"total":0.00099739999999999985,"children":null},"RequestDecision":{"count":414,"self":0.0159565,"total":0.0159565,"children":null}}},"DecideAction":{"count":1476,"self":0.7646655,"total":0.7646655,"children":null},"AgentAct":{"count":1476,"self":0.0119694,"total":0.0119694,"children":null}},"gauges":{"Bouncer.CumulativeReward":{"count":18,"max":19.6903477,"min":13.6161833,"runningAverage":17.4744854,"value":14.7204962,"weightedAverage":16.3551426}},"metadata":{"timer_format_version":"0.1.0","start_time_seconds":"1617138062","unity_version":"2019.4.20f1","command_line_arguments":"C:\\Program Files\\Unity\\2019.4.20f1\\Editor\\Unity.exe -projectpath E:\/Github\/AIForGamesEngines\/AIForGamesEnginesProject -useHub -hubIPC -cloudEnvironment production -hubSessionId 0b6a11f0-9164-11eb-9e9f-21fd1d486746 -accessToken zdxDAEJNS50IJ5sCsMZOJ4A3oNUwqlVyNePeStkpzG8005f","communication_protocol_version":"1.4.0","com.unity.ml-agents_version":"1.8.0-preview","scene_name":"Bouncer","end_time_seconds":"1617138096"}}