{"count":1,"self":11.3734208,"total":12.1480363,"children":{"InitializeActuators":{"count":24,"self":0.0019947,"total":0.0019947,"children":null},"InitializeSensors":{"count":24,"self":0.0039848999999999996,"total":0.0039848999999999996,"children":null},"AgentSendState":{"count":376,"self":0.021980799999999998,"total":0.0728755,"children":{"CollectObservations":{"count":1824,"self":0.015989899999999998,"total":0.015989899999999998,"children":null},"WriteActionMask":{"count":1824,"self":0.0039683999999999995,"total":0.0039683999999999995,"children":null},"RequestDecision":{"count":1824,"self":0.0309364,"total":0.0309364,"children":null}}},"DecideAction":{"count":376,"self":0.5407921,"total":0.59282859999999993,"children":{"RayPerceptionSensor.Perceive":{"count":3648,"self":0.0520365,"total":0.0520365,"children":null}}},"AgentAct":{"count":376,"self":0.10193769999999999,"total":0.10193769999999999,"children":null}},"gauges":{"SmallWallJump.CumulativeReward":{"count":23,"max":0.984,"min":0.946999967,"runningAverage":0.9699349,"value":0.972,"weightedAverage":0.972100735},"BigWallJump.CumulativeReward":{"count":50,"max":0.9585,"min":-1.062,"runningAverage":0.89616,"value":0.9465,"weightedAverage":0.9432156}},"metadata":{"timer_format_version":"0.1.0","start_time_seconds":"1616784839","unity_version":"2019.4.20f1","command_line_arguments":"C:\\Program Files\\Unity\\2019.4.20f1\\Editor\\Unity.exe -projectpath E:\/Github\/AIForGamesEngines\/AIForGamesEnginesProject -useHub -hubIPC -cloudEnvironment production -hubSessionId 058e2e60-8e3f-11eb-a739-9fd34126b6de -accessToken fv65_tFAWgnJIqO1IeUXK6KcVPwv_ELUFHYOkg_4rLw005f","communication_protocol_version":"1.4.0","com.unity.ml-agents_version":"1.8.0-preview","scene_name":"WallJump","end_time_seconds":"1616784851"}}